{
    "name": "colorcycle",
    "title": "jQuery Color Cycle",
    "description": "jQuery plugin that continuously fades the background color of selected element(s). Has options for setting colors as an array as well as animation time and loop time.",
    "keywords": [
        "color",
        "animation"
    ],
    "version": "0.1.1",
    "author": {
        "name": "Jonathan Grover",
        "url": "https://github.com/jongrover"
    },
    "maintainers": [
        {
            "name": "Jonathan Grover",
            "email": "jon@flatironschool.com",
            "url": "https://github.com/jongrover"
        }
    ],
    "licenses": [
        {
            "type": "MIT",
            "url": "https://raw.githubusercontent.com/flatiron-school-curriculum/jquery-color-cycle-plugin/master/MIT-LICENSE.txt"
        }
    ],
    "bugs": "https://github.com/flatiron-school-curriculum/jquery-color-cycle-plugin/issues",
    "homepage": "https://github.com/flatiron-school-curriculum/jquery-color-cycle-plugin/",
    "docs": "https://github.com/flatiron-school-curriculum/jquery-color-cycle-plugin/blob/master/README.md",
    "download": "https://github.com/flatiron-school-curriculum/jquery-color-cycle-plugin/",
    "dependencies": {
        "jquery": ">=1.8.3",
        "jqueryui": ">=1.8.23"
    }
}